번호,구분,분류,품명,규격,수량,단위,선정상태,단가_원,금액_원,설계메모,구매_URL,링크유형,가격근거,산정메모,item_en,specification_en,design_notes_en,budget_notes_en
1,필수,구동,다리 서보모터,DYNAMIXEL XL330-M288-T,10,개,확정,26400,264000,"좌우 각 5개. 18 g/개, 다리 모터만 180 g.",https://www.robotis.com/shop/item.php?it_id=902-0163-000,제품 / 후보,제품 페이지 가격,"26,400원 × 10개. 배송지연/준비 40일 표시. 주문 전 납기 확인.",Leg servomotor,DYNAMIXEL XL330-M288-T,"Five per leg; 18 g each, 180 g for ten leg motors.","KRW 26,400 each. Store showed delayed shipping / 40-day preparation; verify lead time before ordering."
2,선택,구동,목 서보모터,XL330-M288-T 제안,2,개,제안,26400,52800,팬·틸트 채택 시 추가. 총 12축은 미확정.,https://www.robotis.com/shop/item.php?it_id=902-0163-000,제품 / 후보,제품 페이지 가격,목 2축을 채택할 때만 추가 구매.,Neck servomotor,XL330-M288-T proposed,Add only for pan/tilt neck; twelve total axes are not confirmed.,Optional purchase only if adopting the two-axis neck.
3,필수,구동,다리 출력 혼·고정나사,HNX330-N102 5PCS,2,팩,제안,4400,8800,모터 기본 구성품 확인 후 별도 구매분만 견적.,https://miraerobot.com/product/detail.html?cate_no=83&display_group=1&product_no=797,제품 / 후보,판매 목록 가격,5개입 2팩 = 혼 10개. 축분 대신 팩 단위로 변경. 기본 나사는 모터 포함품 우선 사용.,Leg output horns and screws,HNX330-N102 5PCS,Check included motor hardware before buying extras.,Two five-piece packs provide ten horns. Use motor-included screws first.
4,선택,구동,목 출력 혼·고정나사,HNX330-N102 5PCS,1,팩,제안,4400,4400,목 채택 시 필요. 모터 포함품과 중복 계산 금지.,https://miraerobot.com/product/detail.html?cate_no=83&display_group=1&product_no=797,제품 / 후보,판매 목록 가격,목 2개에 5개입 1팩 구매 가정. 남는 3개는 예비품.,Neck output horns and screws,HNX330-N102 5PCS,Only if adding a neck; avoid double counting included hardware.,One five-piece pack for two neck joints; three spare horns.
5,필수,기구,골반 프레임 및 공통 출력 재료,자체 설계,1,조,제안,56100,56100,좌우 다리 하중 지지. 강성·체결부 설계 필요.,https://plabs.co.kr/product/detail.html?product_no=161,제품 / 후보,공통 재료 예산,"PETG 1kg 18,700원 × 3롤. 본체 구조·외장·고정부 및 재출력 재료 전체를 이 행에 일괄 계상. 학교 프린터 이용, 외주비 제외.",Pelvis frame and shared printing material,Custom design,Supports both legs; stiffness and fastener design needed.,"Three 1kg PETG rolls at KRW 18,700 each cover structural parts, shells, mounts and reprints. School printer assumed; outsourcing excluded."
6,필수,기구,고관절 2축 브래킷,좌우용 자체 설계,2,조,제안,0,0,롤+피치 기준 제안. 축 배치는 CAD에서 검증.,https://plabs.co.kr/product/detail.html?product_no=161,공통 재료 제품,공통 예산 포함,5번 출력 재료비에 포함. 0원은 무료 제작이 아니라 중복 계산 제외.,Two-axis hip brackets,Custom left/right assemblies,Roll/pitch proposal; validate axis placement in CAD.,Included in body item 5; zero avoids double counting and does not mean free production.
7,필수,기구,허벅지 링크,축간 거리 55 mm 초안,2,개,제안,0,0,모터·혼·케이블 간섭 확인 후 길이 조정.,https://plabs.co.kr/product/detail.html?product_no=161,공통 재료 제품,공통 예산 포함,5번 출력 재료비에 포함.,Thigh links,Draft 55 mm axis spacing,"Adjust length after checking motor, horn and cable interference.",Included in body item 5.
8,필수,기구,무릎 체결 브래킷,자체 설계,2,조,제안,0,0,무릎 피치 관절. 링크 일체화 여부 결정.,https://plabs.co.kr/product/detail.html?product_no=161,공통 재료 제품,공통 예산 포함,5번 출력 재료비에 포함.,Knee mounting brackets,Custom design,Pitch joint; decide whether integrated with the link.,Included in body item 5.
9,필수,기구,종아리 링크,축간 거리 55 mm 초안,2,개,제안,0,0,모터 위치 및 발목 구조에 따라 수정.,https://plabs.co.kr/product/detail.html?product_no=161,공통 재료 제품,공통 예산 포함,5번 출력 재료비에 포함.,Shin links,Draft 55 mm axis spacing,Revise for motor position and ankle structure.,Included in body item 5.
10,필수,기구,발목 2축 브래킷,피치+롤 자체 설계,2,조,제안,0,0,수직 적층·엇갈림 배치 비교.,https://plabs.co.kr/product/detail.html?product_no=161,공통 재료 제품,공통 예산 포함,5번 출력 재료비에 포함.,Two-axis ankle brackets,Custom pitch/roll assembly,Compare stacked and staggered layouts.,Included in body item 5.
11,필수,기구,하중 지지 발판,75×55 mm 외곽 초안,2,개,제안,0,0,모서리·착지면·발 간섭 검증 필요.,https://plabs.co.kr/product/detail.html?product_no=161,공통 재료 제품,공통 예산 포함,5번 출력 재료비에 포함.,Load-bearing foot plates,Draft 75 x 55 mm envelope,"Validate edges, contact surface and foot interference.",Included in body item 5.
12,필수,기구,발바닥 마찰 패드,고무 또는 실리콘,2,개,미정,5000,10000,경도·두께·마찰계수 시험 후 선정.,https://kr.misumi-ec.com/,판매처 / 규격 미정,예산 추정 / 판매처,고무·실리콘 판 재단분 2개. 두께 확정 후 견적. 판매처 링크이며 특정 제품 아님.,Sole friction pads,Rubber or silicone,"Select after hardness, thickness and friction testing.","Two cut pads; obtain quote after specifying thickness. Supplier homepage, not a selected product."
13,필수,기구,반대편 지지축·베어링,관절별 설계 후 선정,10,개,미정,3000,30000,수량 10개는 예산용 가정. CAD 지지 방식 확정 후 수정.,https://kr.misumi-ec.com/,판매처 / 규격 미정,예산 추정 / 판매처,지지축·베어링 10개를 임시 계상. 내외경 및 지지 방식 결정 후 수량·가격 변경.,Opposite-side support shafts / bearings,Select after joint design,Ten is a budgeting assumption; revise after CAD support design.,"Temporary allowance for ten supports/bearings. Revise size, quantity and price after design."
14,필수,기구,체결부품 묶음,볼트·너트·와셔·인서트,1,식,미정,20000,20000,나사 길이·규격·수량은 CAD 체결표로 확정.,https://kr.misumi-ec.com/,판매처 / 규격 미정,예산 추정 / 판매처,M2/M3 체결품·인서트 1식. 모터 동봉 나사와 중복 제외.,Fastener assortment,"Bolts, nuts, washers and inserts","Finalize sizes, lengths and counts in CAD fastener table.",Allowance for M2/M3 fasteners and inserts; exclude screws supplied with motors.
15,필수,외장,몸통 쉘,95×70×70 mm 외곽 초안,1,조,제안,0,0,"전후 분할, 배터리·배선 점검구 포함.",https://plabs.co.kr/product/detail.html?product_no=161,공통 재료 제품,공통 예산 포함,5번 출력 재료비에 포함.,Torso shell,Draft 95 x 70 x 70 mm envelope,Front/rear split with battery and wiring access.,Included in body item 5.
16,필수,외장,머리 쉘·귀·주둥이,"110×85×80 mm, 귀 제외",1,조,제안,0,0,경량 중공 구조. 무게중심과 목 하중 검증.,https://plabs.co.kr/product/detail.html?product_no=161,공통 재료 제품,공통 예산 포함,5번 출력 재료비에 포함. 초기형 머리는 고정.,"Head shell, ears and muzzle",110 x 85 x 80 mm excluding ears,Light hollow shell; validate center of mass and neck load.,Included in body item 5; initial head is fixed.
17,필수,외장,고정 팔 외장,좌우 한 쌍,2,개,제안,0,0,초기형 팔 모터 없음.,https://plabs.co.kr/product/detail.html?product_no=161,공통 재료 제품,공통 예산 포함,5번 출력 재료비에 포함.,Fixed arm shells,Left/right pair,No arm motors in the initial design.,Included in body item 5.
18,필수,외장,다리·신발 커버,자체 설계 경량 커버,1,식,제안,0,0,가동 범위 확보. 구조 링크 견적과 중복 금지.,https://plabs.co.kr/product/detail.html?product_no=161,공통 재료 제품,공통 예산 포함,5번 출력 재료비에 포함.,Leg and shoe covers,Custom lightweight covers,Preserve joint ranges; avoid duplicate structural-link costs.,Included in body item 5.
19,선택,기구,목 2축 프레임,팬·틸트 브래킷,1,조,제안,5000,5000,목 생략 시 머리 고정 브래킷으로 대체.,https://plabs.co.kr/product/detail.html?product_no=161,제품 / 후보,예산 추정,선택 목 프레임의 추가 출력·체결 소모분. 본체 공통 재료 외 추가 예산.,Two-axis neck frame,Pan/tilt brackets,Replace with fixed head mounting if neck omitted.,Optional extra printing and fasteners beyond the shared body material pool.
20,필수,기구,배터리·PCB 고정부,트레이·스페이서·고정 스트랩,1,식,미정,0,0,골반 가까이에 배터리 배치.,https://plabs.co.kr/product/detail.html?product_no=161,공통 재료 제품,공통 예산 포함,"출력물은 5번, 체결품은 14번에 포함.",Battery and PCB mounts,"Tray, spacers and straps",Place battery near the pelvis.,Printed parts in item 5; fasteners in item 14.
21,필수,제어,모터 통신·실시간 제어 보드,OpenRB-150 후보,1,조,제안,27500,27500,Protocol 2.0 지원. 외부 범용 모터 드라이버 불필요.,https://www.robotis.com/shop/item.php?it_id=902-0183-000,제품 / 후보,제품 페이지 가격,OpenRB-150 후보. 보드의 DYNAMIXEL 허용전류 3A: 10축 전원을 전부 보드로 통과시키지 않고 외부 전원 분배·공통 GND를 설계.,Motor communication / real-time controller,OpenRB-150 candidate,Protocol 2.0; no separate generic motor driver needed.,Board DYNAMIXEL limit is 3A: design external distribution and common GND instead of routing all ten motors through the board.
22,선택,제어,온보드 연산 보드,SBC 후보 미정,1,개,미정,45000,45000,초기 PC 외부 제어 가능. 온보드 추론 시 선정.,https://www.devicemart.co.kr/goods/view?no=14253319,제품 / 후보,예산 추정 / 후보 제품,Pi Zero 2 W 및 microSD 포함 예산. 실행 지연 검증 후 선정. 기본안은 외부 PC에서 정책 추론.,Onboard computer,SBC not selected,External PC works for baseline; select SBC if using onboard inference.,Allowance for Pi Zero 2 W and microSD. Validate latency before selection; baseline inference is on external PC.
23,필수,센서,관성측정장치,Olimex MOD-MPU6050 후보,1,개,미정,16412,16412,가속도계+자이로. 제어 보드 내장 시 별도 구매 제외.,https://www.devicemart.co.kr/goods/view?no=15394632,제품 / 후보,검색 표시 가격,"Olimex MOD-MPU6050 후보. 14,920원 + VAT 1,492원. 3.3V I2C 및 장착 검증 필요.",Inertial measurement unit,Olimex MOD-MPU6050 candidate,Accelerometer and gyro; omit separate purchase if controller provides suitable IMU.,"KRW 14,920 plus 1,492 VAT. Validate 3.3V I2C and mounting."
24,선택,센서,발 접촉 센서,스위치 또는 압력센서,2,개,제안,5000,10000,최소 발당 1개 제안. 다점 측정 시 수량 재산정.,https://www.devicemart.co.kr/,판매처 / 규격 미정,예산 추정 / 판매처,"발당 1개, 총 2개. 접촉 스위치/압력센서 중 선정.",Foot-contact sensors,Switch or pressure sensor,One per foot proposed; recalculate for multiple contacts.,Two total; switch versus pressure sensor remains to be selected.
25,필수,전원,배터리 팩,XN 2S 850mAh 30C XT30 후보,1,개,미정,15000,15000,사용시간·전류 예산 후 선정. 2S/3S 직결 금지.,https://www.rcbank.co.kr/m2/goods/view.php?goodsno=94992,제품 / 후보,제품 페이지 가격,XN 2S 850mAh 30C XT30 후보. 5V 강압 필수. 팩 실측 질량·지속시간·피크 전류 검증.,Battery pack,XN 2S 850mAh 30C XT30 candidate,Select after runtime/current budget; do not connect 2S/3S directly to motors.,"5V conversion required. Validate measured pack mass, runtime and peak current."
26,필수,전원,모터 전원 조정 모듈,"Hobbywing UBEC-10A-6S, 5V 설정 후보",1,조,미정,54000,54000,XL330 허용 3.7~6.0 V. 배터리에 맞춰 변환 방식 선정.,https://www.rcbank.co.kr/m2/goods/view.php?goodsno=4205,제품 / 후보,제품 페이지 가격 / 품절,"Hobbywing UBEC-10A-6S 후보, 반드시 5V 설정. 품절 표시: 대체 제품은 입력·출력 범위와 연속전류 검증 후 선정.",Motor power regulator,"Hobbywing UBEC-10A-6S candidate, set to 5V",XL330 range 3.7–6.0V; select conversion for battery.,Must be set to 5V. Candidate was out of stock; verify input/output range and continuous current before selecting an alternative.
27,필수,전원,로직 전원 모듈,제어기 요구 전압에 맞춤,1,조,미정,8000,8000,기존 보드에 포함되면 별도 구매비 0원.,https://www.devicemart.co.kr/,판매처 / 규격 미정,예산 추정 / 판매처,로직용 5V 변환기 예산. 모터 전원 노이즈 분리 필요성을 측정한 뒤 선정.,Logic power module,Match controller voltage requirements,No extra cost if already provided by board.,Allowance for logic 5V converter. Measure need to isolate motor noise before selecting.
28,필수,전원,배터리 보호·저전압 감시,팩 구성에 맞춰 선정,1,조,미정,12000,12000,팩 내장 기능과 중복 구매 방지.,https://www.devicemart.co.kr/,판매처 / 규격 미정,예산 추정 / 판매처,2S 셀 전압 감시·저전압 차단 회로 1식. 경보기만으로 보호 기능 충족 불가.,Battery protection / low-voltage monitor,Match pack configuration,Avoid duplicating pack-integrated protection.,2S cell monitoring and low-voltage cutoff; an alarm alone is not protection.
29,필수,전원,전원 분배·차단·퓨즈,하네스 또는 분배 PCB,1,조,미정,15000,15000,분기 전류·스위치 정격·퓨즈값은 전력 예산 후 결정.,https://www.devicemart.co.kr/,판매처 / 규격 미정,예산 추정 / 판매처,외부 전원 분배·차단 스위치·퓨즈. 출력 전류를 보드/서보 커넥터 정격에 맞춰 분기.,"Power distribution, disconnect and fuse",Harness or distribution PCB,"Choose branch current, switch and fuse ratings after power budget.","External distribution, switch and fuse; respect board/servo connector ratings."
30,필수,배선,서보 전원·통신 케이블,XL330 커넥터 호환,1,식,미정,10000,10000,관절별 길이·여유 루프·포함 케이블 확인 후 세분화.,https://www.robotis.com/shop/item.php?it_id=902-0163-000,제품 / 후보,예산 추정 / 포함품 기준,모터당 180mm 케이블 1개 동봉. 부족한 길이·분기용 추가분만 1만원 계상; 링크는 모터 구성품 확인용.,Servo power / communication cables,XL330-compatible connectors,"Check lengths, slack loops and included cables before itemizing.","One 180 mm cable included per motor. KRW 10,000 is for extra length/branches; link identifies motor-included parts."
31,필수,배선,전원 하네스·커넥터,배터리/레귤레이터 연결,1,식,미정,10000,10000,전류·전압강하 기준으로 선경·커넥터 선정.,https://www.devicemart.co.kr/,판매처 / 규격 미정,예산 추정 / 판매처,XT30·전선·열수축튜브 등 추가 하네스. 전류 정격 후 세분화.,Power harness and connectors,Battery/regulator connections,Select wire size/connectors by current and voltage drop.,"Extra XT30 connectors, wire and heat shrink; itemize after current ratings are known."
32,필수,배선,신호선·배선 고정부,IMU 배선·슬리브·클립,1,식,미정,5000,5000,회전부 장력과 끼임 확인.,https://www.devicemart.co.kr/,판매처 / 규격 미정,예산 추정 / 판매처,I2C 신호선·슬리브·배선 고정용 클립 1식.,Signal wires and cable retainers,"IMU wires, sleeves and clips",Check tension and pinching at moving joints.,"I2C signal wires, sleeves and routing clips."
